hash,url,host_port,last_seen,change_count,last_hash
a8af28b4ca9f,https://104.194.84.210:443,104.194.84.210:443,2026/7/21 10:52,0,a8af28b4ca9f
8682e5bc901c,http://192.255.136.85:8080,192.255.136.85:8080,2026/7/21 12:12,0,8682e5bc901c
8682e5bc901c,http://192.255.136.85:8080/clash.yaml,192.255.136.85:8080,2026/7/21 12:12,0,8682e5bc901c
7275823fbba8,http://192.255.136.85:8080/sub,192.255.136.85:8080,2026/7/21 12:12,0,7275823fbba8
7275823fbba8,http://192.255.136.85:8080/subscribe,192.255.136.85:8080,2026/7/21 12:12,0,7275823fbba8
36a662b1bef3,http://128.140.0.135:80/sub,128.140.0.135:80,2026/7/21 12:31,0,36a662b1bef3
36a662b1bef3,http://128.140.0.135:80/latest.yaml,128.140.0.135:80,2026/7/21 12:31,0,36a662b1bef3
36a662b1bef3,http://128.140.0.135:80/config.yaml,128.140.0.135:80,2026/7/21 12:31,0,36a662b1bef3
36a662b1bef3,http://128.140.0.135:80/api/sub,128.140.0.135:80,2026/7/21 12:31,0,36a662b1bef3
36a662b1bef3,http://128.140.0.135:80/mihomo.yaml,128.140.0.135:80,2026/7/21 12:31,0,36a662b1bef3
36a662b1bef3,http://128.140.0.135:80/subscribe,128.140.0.135:80,2026/7/21 12:31,0,36a662b1bef3
36a662b1bef3,http://128.140.0.135:80/api/subscribe,128.140.0.135:80,2026/7/21 12:31,0,36a662b1bef3
36a662b1bef3,http://128.140.0.135:80,128.140.0.135:80,2026/7/21 12:31,0,36a662b1bef3
36a662b1bef3,http://128.140.0.135:80/clash.yaml,128.140.0.135:80,2026/7/21 12:31,0,36a662b1bef3
36a662b1bef3,http://128.140.0.135:80/all.yaml,128.140.0.135:80,2026/7/21 12:31,0,36a662b1bef3
36a662b1bef3,http://128.140.0.135:80/api/meta.txt,128.140.0.135:80,2026/7/21 12:33,0,36a662b1bef3
b3ce24819d87,http://128.140.0.135:80/api/config.txt,128.140.0.135:80,2026/7/21 12:33,0,b3ce24819d87
36a662b1bef3,http://128.140.0.135:80/api/all.txt,128.140.0.135:80,2026/7/21 12:33,0,36a662b1bef3
36a662b1bef3,http://128.140.0.135:80/api/full.yaml,128.140.0.135:80,2026/7/21 12:33,0,36a662b1bef3
36a662b1bef3,http://128.140.0.135:80/api/config.yaml,128.140.0.135:80,2026/7/21 12:33,0,36a662b1bef3
36a662b1bef3,http://128.140.0.135:80/api/base.yaml,128.140.0.135:80,2026/7/21 12:33,0,36a662b1bef3
36a662b1bef3,http://128.140.0.135:80/api/meta.yaml,128.140.0.135:80,2026/7/21 12:33,0,36a662b1bef3
36a662b1bef3,http://128.140.0.135:80/api/clash.txt,128.140.0.135:80,2026/7/21 12:33,0,36a662b1bef3
36a662b1bef3,http://128.140.0.135:80/api/clash.yml,128.140.0.135:80,2026/7/21 12:33,0,36a662b1bef3
36a662b1bef3,http://128.140.0.135:80/api/all.yaml,128.140.0.135:80,2026/7/21 12:33,0,36a662b1bef3
864846581cca,http://43.173.78.139:80,43.173.78.139:80,2026/7/21 13:24,0,864846581cca
864846581cca,http://43.173.78.139:80/sub,43.173.78.139:80,2026/7/21 13:24,0,864846581cca
864846581cca,http://43.173.78.139:80/clash.yaml,43.173.78.139:80,2026/7/21 13:24,0,864846581cca
864846581cca,http://43.173.78.139:80/latest.yaml,43.173.78.139:80,2026/7/21 13:24,0,864846581cca
864846581cca,http://43.173.78.139:80/subscribe,43.173.78.139:80,2026/7/21 13:24,0,864846581cca
864846581cca,http://43.173.78.139:80/api/subscribe,43.173.78.139:80,2026/7/21 13:24,0,864846581cca
864846581cca,http://43.173.78.139:80/api/sub,43.173.78.139:80,2026/7/21 13:24,0,864846581cca
864846581cca,http://43.173.78.139:80/mihomo.yaml,43.173.78.139:80,2026/7/21 13:24,0,864846581cca
864846581cca,http://43.173.78.139:80/config.yaml,43.173.78.139:80,2026/7/21 13:24,0,864846581cca
864846581cca,http://43.173.78.139:80/all.yaml,43.173.78.139:80,2026/7/21 13:24,0,864846581cca
864846581cca,http://43.173.78.139:80/api/all.yaml,43.173.78.139:80,2026/7/21 13:24,0,864846581cca
864846581cca,http://43.173.78.139:80/api/base.yml,43.173.78.139:80,2026/7/21 13:24,0,864846581cca
864846581cca,http://43.173.78.139:80/api/clash.yaml,43.173.78.139:80,2026/7/21 13:24,0,864846581cca
864846581cca,http://43.173.78.139:80/api/client.txt,43.173.78.139:80,2026/7/21 13:24,0,864846581cca
864846581cca,http://43.173.78.139:80/api/clash.yml,43.173.78.139:80,2026/7/21 13:24,0,864846581cca
864846581cca,http://43.173.78.139:80/api/config.txt,43.173.78.139:80,2026/7/21 13:24,0,864846581cca
864846581cca,http://43.173.78.139:80/api/config.yaml,43.173.78.139:80,2026/7/21 13:24,0,864846581cca
864846581cca,http://43.173.78.139:80/api/mihomo.yaml,43.173.78.139:80,2026/7/21 13:24,0,864846581cca
864846581cca,http://43.173.78.139:80/api/mihomo.yml,43.173.78.139:80,2026/7/21 13:24,0,864846581cca
864846581cca,http://43.173.78.139:80/api/node.yaml,43.173.78.139:80,2026/7/21 13:24,0,864846581cca
864846581cca,http://43.173.78.139:80/api/nodes.yml,43.173.78.139:80,2026/7/21 13:24,0,864846581cca
864846581cca,http://43.173.78.139:80/api/mihomo.txt,43.173.78.139:80,2026/7/21 13:24,0,864846581cca
864846581cca,http://43.173.78.139:80/api/profile.yml,43.173.78.139:80,2026/7/21 13:24,0,864846581cca
864846581cca,http://43.173.78.139:80/api/proxies.yaml,43.173.78.139:80,2026/7/21 13:24,0,864846581cca
864846581cca,http://43.173.78.139:80/api/proxy.txt,43.173.78.139:80,2026/7/21 13:24,0,864846581cca
864846581cca,http://43.173.78.139:80/api/proxylist.txt,43.173.78.139:80,2026/7/21 13:24,0,864846581cca
864846581cca,http://43.173.78.139:80/api/profile.txt,43.173.78.139:80,2026/7/21 13:24,0,864846581cca
864846581cca,http://43.173.78.139:80/api/proxies.yml,43.173.78.139:80,2026/7/21 13:24,0,864846581cca
864846581cca,http://43.173.78.139:80/api/proxies.txt,43.173.78.139:80,2026/7/21 13:24,0,864846581cca
864846581cca,http://43.173.78.139:80/api/proxy.yaml,43.173.78.139:80,2026/7/21 13:24,0,864846581cca
864846581cca,http://43.173.78.139:80/api/profile.yaml,43.173.78.139:80,2026/7/21 13:24,0,864846581cca
864846581cca,http://43.173.78.139:80/api/server.yml,43.173.78.139:80,2026/7/21 13:24,0,864846581cca
864846581cca,http://43.173.78.139:80/api/server.txt,43.173.78.139:80,2026/7/21 13:24,0,864846581cca
864846581cca,http://43.173.78.139:80/api/proxylist.yaml,43.173.78.139:80,2026/7/21 13:24,0,864846581cca
864846581cca,http://43.173.78.139:80/api/sub.txt,43.173.78.139:80,2026/7/21 13:24,0,864846581cca
864846581cca,http://43.173.78.139:80/api/subscription.txt,43.173.78.139:80,2026/7/21 13:24,0,864846581cca
864846581cca,http://43.173.78.139:80/api/proxy.yml,43.173.78.139:80,2026/7/21 13:24,0,864846581cca
864846581cca,http://43.173.78.139:80/api/proxylist.yml,43.173.78.139:80,2026/7/21 13:24,0,864846581cca
864846581cca,http://43.173.78.139:80/api/servers.yml,43.173.78.139:80,2026/7/21 13:24,0,864846581cca
864846581cca,http://43.173.78.139:80/api/servers.txt,43.173.78.139:80,2026/7/21 13:24,0,864846581cca
864846581cca,http://43.173.78.139:80/api/servers.yaml,43.173.78.139:80,2026/7/21 13:24,0,864846581cca
864846581cca,http://43.173.78.139:80/api/sub.yaml,43.173.78.139:80,2026/7/21 13:24,0,864846581cca
864846581cca,http://43.173.78.139:80/api/v1/meta.yml,43.173.78.139:80,2026/7/21 13:24,0,864846581cca
864846581cca,http://43.173.78.139:80/api/v1/config.yml,43.173.78.139:80,2026/7/21 13:24,0,864846581cca
864846581cca,http://43.173.78.139:80/api/v1/full.yml,43.173.78.139:80,2026/7/21 13:24,0,864846581cca
864846581cca,http://43.173.78.139:80/api/v1/config.yaml,43.173.78.139:80,2026/7/21 13:24,0,864846581cca
864846581cca,http://43.173.78.139:80/api/v1/config.txt,43.173.78.139:80,2026/7/21 13:24,0,864846581cca
864846581cca,http://43.173.78.139:80/api/v1/full.yaml,43.173.78.139:80,2026/7/21 13:24,0,864846581cca
864846581cca,http://43.173.78.139:80/api/v1/node.txt,43.173.78.139:80,2026/7/21 13:24,0,864846581cca
864846581cca,http://43.173.78.139:80/api/v1/mihomo.yml,43.173.78.139:80,2026/7/21 13:24,0,864846581cca
864846581cca,http://43.173.78.139:80/api/v1/server.yml,43.173.78.139:80,2026/7/21 13:24,0,864846581cca
864846581cca,http://43.173.78.139:80/api/v1/mihomo.yaml,43.173.78.139:80,2026/7/21 13:24,0,864846581cca
864846581cca,http://43.173.78.139:80/api/v1/meta.txt,43.173.78.139:80,2026/7/21 13:24,0,864846581cca
864846581cca,http://43.173.78.139:80/api/v1/server.txt,43.173.78.139:80,2026/7/21 13:24,0,864846581cca
864846581cca,http://43.173.78.139:80/api/v1/subscription.txt,43.173.78.139:80,2026/7/21 13:24,0,864846581cca
864846581cca,http://43.173.78.139:80/api/v1/proxy.yml,43.173.78.139:80,2026/7/21 13:24,0,864846581cca
864846581cca,http://43.173.78.139:80/clash/mihomo.yaml,43.173.78.139:80,2026/7/21 13:24,0,864846581cca
864846581cca,http://43.173.78.139:80/clash/proxies.yaml,43.173.78.139:80,2026/7/21 13:24,0,864846581cca
864846581cca,http://43.173.78.139:80/clash/base.txt,43.173.78.139:80,2026/7/21 13:24,0,864846581cca
864846581cca,http://43.173.78.139:80/api/v1/proxies.yml,43.173.78.139:80,2026/7/21 13:24,0,864846581cca
864846581cca,http://43.173.78.139:80/clash/clash.txt,43.173.78.139:80,2026/7/21 13:24,0,864846581cca
864846581cca,http://43.173.78.139:80/api/v1/sub.yaml,43.173.78.139:80,2026/7/21 13:24,0,864846581cca
864846581cca,http://43.173.78.139:80/clash/proxy.txt,43.173.78.139:80,2026/7/21 13:24,0,864846581cca
864846581cca,http://43.173.78.139:80/clash/profile.yaml,43.173.78.139:80,2026/7/21 13:24,0,864846581cca
864846581cca,http://43.173.78.139:80/clash/profile.txt,43.173.78.139:80,2026/7/21 13:24,0,864846581cca
864846581cca,http://43.173.78.139:80/clash/proxy.yaml,43.173.78.139:80,2026/7/21 13:24,0,864846581cca
864846581cca,http://43.173.78.139:80/clash/clash.yaml,43.173.78.139:80,2026/7/21 13:24,0,864846581cca
864846581cca,http://43.173.78.139:80/clash/proxies.yml,43.173.78.139:80,2026/7/21 13:24,0,864846581cca
864846581cca,http://43.173.78.139:80/clash/proxylist.txt,43.173.78.139:80,2026/7/21 13:24,0,864846581cca
864846581cca,http://43.173.78.139:80/clash/proxy.yml,43.173.78.139:80,2026/7/21 13:24,0,864846581cca
864846581cca,http://43.173.78.139:80/clash/proxylist.yml,43.173.78.139:80,2026/7/21 13:24,0,864846581cca
864846581cca,http://43.173.78.139:80/clash/proxylist.yaml,43.173.78.139:80,2026/7/21 13:24,0,864846581cca
864846581cca,http://43.173.78.139:80/clash/server.txt,43.173.78.139:80,2026/7/21 13:24,0,864846581cca
864846581cca,http://43.173.78.139:80/clash/server.yaml,43.173.78.139:80,2026/7/21 13:24,0,864846581cca
864846581cca,http://43.173.78.139:80/clash/server.yml,43.173.78.139:80,2026/7/21 13:24,0,864846581cca
864846581cca,http://43.173.78.139:80/clash/servers.txt,43.173.78.139:80,2026/7/21 13:24,0,864846581cca
864846581cca,http://43.173.78.139:80/clash/sub.yaml,43.173.78.139:80,2026/7/21 13:24,0,864846581cca
864846581cca,http://43.173.78.139:80/config/all.txt,43.173.78.139:80,2026/7/21 13:24,0,864846581cca
864846581cca,http://43.173.78.139:80/clash/servers.yml,43.173.78.139:80,2026/7/21 13:24,0,864846581cca
864846581cca,http://43.173.78.139:80/clash/sub.txt,43.173.78.139:80,2026/7/21 13:24,0,864846581cca
864846581cca,http://43.173.78.139:80/clash/servers.yaml,43.173.78.139:80,2026/7/21 13:24,0,864846581cca
864846581cca,http://43.173.78.139:80/clash/subscription.yaml,43.173.78.139:80,2026/7/21 13:24,0,864846581cca
864846581cca,http://43.173.78.139:80/config/all.yaml,43.173.78.139:80,2026/7/21 13:24,0,864846581cca
864846581cca,http://43.173.78.139:80/clash/sub.yml,43.173.78.139:80,2026/7/21 13:24,0,864846581cca
864846581cca,http://43.173.78.139:80/clash/subscription.yml,43.173.78.139:80,2026/7/21 13:24,0,864846581cca
864846581cca,http://43.173.78.139:80/config/all.yml,43.173.78.139:80,2026/7/21 13:24,0,864846581cca
864846581cca,http://43.173.78.139:80/config/base.txt,43.173.78.139:80,2026/7/21 13:24,0,864846581cca
864846581cca,http://43.173.78.139:80/config/clash.yaml,43.173.78.139:80,2026/7/21 13:24,0,864846581cca
864846581cca,http://43.173.78.139:80/config/clash.txt,43.173.78.139:80,2026/7/21 13:24,0,864846581cca
864846581cca,http://43.173.78.139:80/config/base.yaml,43.173.78.139:80,2026/7/21 13:24,0,864846581cca
864846581cca,http://43.173.78.139:80/config/base.yml,43.173.78.139:80,2026/7/21 13:24,0,864846581cca
864846581cca,http://43.173.78.139:80/config/clash.yml,43.173.78.139:80,2026/7/21 13:24,0,864846581cca
864846581cca,http://43.173.78.139:80/config/client.txt,43.173.78.139:80,2026/7/21 13:24,0,864846581cca
864846581cca,http://43.173.78.139:80/config/client.yaml,43.173.78.139:80,2026/7/21 13:24,0,864846581cca
864846581cca,http://43.173.78.139:80/config/client.yml,43.173.78.139:80,2026/7/21 13:24,0,864846581cca
864846581cca,http://43.173.78.139:80/config/config.yml,43.173.78.139:80,2026/7/21 13:24,0,864846581cca
864846581cca,http://43.173.78.139:80/config/config.txt,43.173.78.139:80,2026/7/21 13:24,0,864846581cca
864846581cca,http://43.173.78.139:80/config/full.txt,43.173.78.139:80,2026/7/21 13:24,0,864846581cca
864846581cca,http://43.173.78.139:80/config/full.yaml,43.173.78.139:80,2026/7/21 13:24,0,864846581cca
864846581cca,http://43.173.78.139:80/config/meta.txt,43.173.78.139:80,2026/7/21 13:24,0,864846581cca
864846581cca,http://43.173.78.139:80/config/full.yml,43.173.78.139:80,2026/7/21 13:24,0,864846581cca
864846581cca,http://43.173.78.139:80/config/meta.yaml,43.173.78.139:80,2026/7/21 13:24,0,864846581cca
864846581cca,http://43.173.78.139:80/config/config.yaml,43.173.78.139:80,2026/7/21 13:24,0,864846581cca
864846581cca,http://43.173.78.139:80/config/mihomo.txt,43.173.78.139:80,2026/7/21 13:24,0,864846581cca
864846581cca,http://43.173.78.139:80/config/meta.yml,43.173.78.139:80,2026/7/21 13:24,0,864846581cca
864846581cca,http://43.173.78.139:80/config/mihomo.yaml,43.173.78.139:80,2026/7/21 13:24,0,864846581cca
864846581cca,http://43.173.78.139:80/config/mihomo.yml,43.173.78.139:80,2026/7/21 13:24,0,864846581cca
864846581cca,http://43.173.78.139:80/config/node.txt,43.173.78.139:80,2026/7/21 13:24,0,864846581cca
864846581cca,http://43.173.78.139:80/config/node.yaml,43.173.78.139:80,2026/7/21 13:24,0,864846581cca
864846581cca,http://43.173.78.139:80/config/node.yml,43.173.78.139:80,2026/7/21 13:24,0,864846581cca
864846581cca,http://43.173.78.139:80/config/profile.txt,43.173.78.139:80,2026/7/21 13:24,0,864846581cca
864846581cca,http://43.173.78.139:80/config/nodes.txt,43.173.78.139:80,2026/7/21 13:24,0,864846581cca
864846581cca,http://43.173.78.139:80/config/nodes.yaml,43.173.78.139:80,2026/7/21 13:24,0,864846581cca
864846581cca,http://43.173.78.139:80/config/nodes.yml,43.173.78.139:80,2026/7/21 13:24,0,864846581cca
864846581cca,http://43.173.78.139:80/config/profile.yaml,43.173.78.139:80,2026/7/21 13:24,0,864846581cca
864846581cca,http://43.173.78.139:80/config/profile.yml,43.173.78.139:80,2026/7/21 13:24,0,864846581cca
864846581cca,http://43.173.78.139:80/config/proxies.txt,43.173.78.139:80,2026/7/21 13:24,0,864846581cca
864846581cca,http://43.173.78.139:80/config/proxies.yaml,43.173.78.139:80,2026/7/21 13:24,0,864846581cca
864846581cca,http://43.173.78.139:80/config/proxy.txt,43.173.78.139:80,2026/7/21 13:24,0,864846581cca
864846581cca,http://43.173.78.139:80/config/proxylist.yaml,43.173.78.139:80,2026/7/21 13:24,0,864846581cca
864846581cca,http://43.173.78.139:80/config/proxies.yml,43.173.78.139:80,2026/7/21 13:24,0,864846581cca
864846581cca,http://43.173.78.139:80/config/proxy.yml,43.173.78.139:80,2026/7/21 13:24,0,864846581cca
864846581cca,http://43.173.78.139:80/config/proxy.yaml,43.173.78.139:80,2026/7/21 13:24,0,864846581cca
864846581cca,http://43.173.78.139:80/config/server.yaml,43.173.78.139:80,2026/7/21 13:24,0,864846581cca
864846581cca,http://43.173.78.139:80/config/proxylist.txt,43.173.78.139:80,2026/7/21 13:24,0,864846581cca
864846581cca,http://43.173.78.139:80/config/proxylist.yml,43.173.78.139:80,2026/7/21 13:24,0,864846581cca
864846581cca,http://43.173.78.139:80/config/server.txt,43.173.78.139:80,2026/7/21 13:24,0,864846581cca
864846581cca,http://43.173.78.139:80/config/server.yml,43.173.78.139:80,2026/7/21 13:24,0,864846581cca
864846581cca,http://43.173.78.139:80/config/servers.txt,43.173.78.139:80,2026/7/21 13:24,0,864846581cca
864846581cca,http://43.173.78.139:80/config/servers.yaml,43.173.78.139:80,2026/7/21 13:24,0,864846581cca
864846581cca,http://43.173.78.139:80/config/servers.yml,43.173.78.139:80,2026/7/21 13:24,0,864846581cca
864846581cca,http://43.173.78.139:80/config/sub.yml,43.173.78.139:80,2026/7/21 13:24,0,864846581cca
864846581cca,http://43.173.78.139:80/config/subscription.txt,43.173.78.139:80,2026/7/21 13:24,0,864846581cca
864846581cca,http://43.173.78.139:80/config/subscription.yaml,43.173.78.139:80,2026/7/21 13:24,0,864846581cca
864846581cca,http://43.173.78.139:80/config/subscription.yml,43.173.78.139:80,2026/7/21 13:24,0,864846581cca
864846581cca,http://43.173.78.139:80/configs/all.txt,43.173.78.139:80,2026/7/21 13:24,0,864846581cca
864846581cca,http://43.173.78.139:80/configs/all.yaml,43.173.78.139:80,2026/7/21 13:24,0,864846581cca
864846581cca,http://43.173.78.139:80/configs/all.yml,43.173.78.139:80,2026/7/21 13:24,0,864846581cca
864846581cca,http://43.173.78.139:80/configs/base.yml,43.173.78.139:80,2026/7/21 13:24,0,864846581cca
864846581cca,http://43.173.78.139:80/configs/base.txt,43.173.78.139:80,2026/7/21 13:24,0,864846581cca
864846581cca,http://43.173.78.139:80/configs/base.yaml,43.173.78.139:80,2026/7/21 13:24,0,864846581cca
864846581cca,http://43.173.78.139:80/configs/clash.yaml,43.173.78.139:80,2026/7/21 13:24,0,864846581cca
864846581cca,http://43.173.78.139:80/configs/clash.yml,43.173.78.139:80,2026/7/21 13:24,0,864846581cca
864846581cca,http://43.173.78.139:80/configs/clash.txt,43.173.78.139:80,2026/7/21 13:24,0,864846581cca
864846581cca,http://43.173.78.139:80/configs/client.txt,43.173.78.139:80,2026/7/21 13:24,0,864846581cca
864846581cca,http://43.173.78.139:80/configs/client.yaml,43.173.78.139:80,2026/7/21 13:24,0,864846581cca
864846581cca,http://43.173.78.139:80/configs/client.yml,43.173.78.139:80,2026/7/21 13:24,0,864846581cca
864846581cca,http://43.173.78.139:80/configs/config.txt,43.173.78.139:80,2026/7/21 13:24,0,864846581cca
864846581cca,http://43.173.78.139:80/configs/config.yaml,43.173.78.139:80,2026/7/21 13:24,0,864846581cca
864846581cca,http://43.173.78.139:80/configs/config.yml,43.173.78.139:80,2026/7/21 13:24,0,864846581cca
864846581cca,http://43.173.78.139:80/configs/full.txt,43.173.78.139:80,2026/7/21 13:24,0,864846581cca
864846581cca,http://43.173.78.139:80/configs/full.yaml,43.173.78.139:80,2026/7/21 13:24,0,864846581cca
864846581cca,http://43.173.78.139:80/configs/full.yml,43.173.78.139:80,2026/7/21 13:24,0,864846581cca
864846581cca,http://43.173.78.139:80/configs/meta.txt,43.173.78.139:80,2026/7/21 13:24,0,864846581cca
864846581cca,http://43.173.78.139:80/configs/meta.yaml,43.173.78.139:80,2026/7/21 13:24,0,864846581cca
864846581cca,http://43.173.78.139:80/configs/meta.yml,43.173.78.139:80,2026/7/21 13:24,0,864846581cca
864846581cca,http://43.173.78.139:80/configs/mihomo.txt,43.173.78.139:80,2026/7/21 13:24,0,864846581cca
864846581cca,http://43.173.78.139:80/configs/mihomo.yml,43.173.78.139:80,2026/7/21 13:24,0,864846581cca
864846581cca,http://43.173.78.139:80/configs/node.txt,43.173.78.139:80,2026/7/21 13:24,0,864846581cca
864846581cca,http://43.173.78.139:80/configs/mihomo.yaml,43.173.78.139:80,2026/7/21 13:24,0,864846581cca
864846581cca,http://43.173.78.139:80/configs/node.yaml,43.173.78.139:80,2026/7/21 13:24,0,864846581cca
864846581cca,http://43.173.78.139:80/configs/node.yml,43.173.78.139:80,2026/7/21 13:24,0,864846581cca
864846581cca,http://43.173.78.139:80/configs/nodes.yaml,43.173.78.139:80,2026/7/21 13:24,0,864846581cca
864846581cca,http://43.173.78.139:80/configs/nodes.txt,43.173.78.139:80,2026/7/21 13:24,0,864846581cca
864846581cca,http://43.173.78.139:80/configs/profile.txt,43.173.78.139:80,2026/7/21 13:24,0,864846581cca
864846581cca,http://43.173.78.139:80/configs/nodes.yml,43.173.78.139:80,2026/7/21 13:24,0,864846581cca
864846581cca,http://43.173.78.139:80/configs/profile.yaml,43.173.78.139:80,2026/7/21 13:24,0,864846581cca
864846581cca,http://43.173.78.139:80/configs/proxies.txt,43.173.78.139:80,2026/7/21 13:24,0,864846581cca
864846581cca,http://43.173.78.139:80/configs/profile.yml,43.173.78.139:80,2026/7/21 13:24,0,864846581cca
864846581cca,http://43.173.78.139:80/configs/proxies.yaml,43.173.78.139:80,2026/7/21 13:24,0,864846581cca
864846581cca,http://43.173.78.139:80/configs/proxies.yml,43.173.78.139:80,2026/7/21 13:24,0,864846581cca
864846581cca,http://43.173.78.139:80/configs/proxy.txt,43.173.78.139:80,2026/7/21 13:24,0,864846581cca
864846581cca,http://43.173.78.139:80/configs/proxy.yaml,43.173.78.139:80,2026/7/21 13:24,0,864846581cca
864846581cca,http://43.173.78.139:80/configs/proxy.yml,43.173.78.139:80,2026/7/21 13:24,0,864846581cca
864846581cca,http://43.173.78.139:80/configs/proxylist.yml,43.173.78.139:80,2026/7/21 13:24,0,864846581cca
864846581cca,http://43.173.78.139:80/configs/proxylist.yaml,43.173.78.139:80,2026/7/21 13:24,0,864846581cca
864846581cca,http://43.173.78.139:80/configs/proxylist.txt,43.173.78.139:80,2026/7/21 13:24,0,864846581cca
864846581cca,http://43.173.78.139:80/configs/server.txt,43.173.78.139:80,2026/7/21 13:24,0,864846581cca
864846581cca,http://43.173.78.139:80/configs/server.yml,43.173.78.139:80,2026/7/21 13:24,0,864846581cca
864846581cca,http://43.173.78.139:80/configs/server.yaml,43.173.78.139:80,2026/7/21 13:24,0,864846581cca
864846581cca,http://43.173.78.139:80/configs/servers.txt,43.173.78.139:80,2026/7/21 13:24,0,864846581cca
864846581cca,http://43.173.78.139:80/configs/servers.yml,43.173.78.139:80,2026/7/21 13:24,0,864846581cca
864846581cca,http://43.173.78.139:80/configs/servers.yaml,43.173.78.139:80,2026/7/21 13:24,0,864846581cca
864846581cca,http://43.173.78.139:80/configs/sub.txt,43.173.78.139:80,2026/7/21 13:24,0,864846581cca
864846581cca,http://43.173.78.139:80/configs/sub.yaml,43.173.78.139:80,2026/7/21 13:24,0,864846581cca
864846581cca,http://43.173.78.139:80/configs/sub.yml,43.173.78.139:80,2026/7/21 13:24,0,864846581cca
864846581cca,http://43.173.78.139:80/configs/subscription.txt,43.173.78.139:80,2026/7/21 13:24,0,864846581cca
864846581cca,http://43.173.78.139:80/configs/subscription.yaml,43.173.78.139:80,2026/7/21 13:24,0,864846581cca
864846581cca,http://43.173.78.139:80/configs/subscription.yml,43.173.78.139:80,2026/7/21 13:24,0,864846581cca
864846581cca,http://43.173.78.139:80/download/all.yml,43.173.78.139:80,2026/7/21 13:24,0,864846581cca
864846581cca,http://43.173.78.139:80/download/all.txt,43.173.78.139:80,2026/7/21 13:24,0,864846581cca
864846581cca,http://43.173.78.139:80/download/all.yaml,43.173.78.139:80,2026/7/21 13:24,0,864846581cca
864846581cca,http://43.173.78.139:80/download/base.txt,43.173.78.139:80,2026/7/21 13:24,0,864846581cca
864846581cca,http://43.173.78.139:80/download/base.yaml,43.173.78.139:80,2026/7/21 13:24,0,864846581cca
864846581cca,http://43.173.78.139:80/download/clash.txt,43.173.78.139:80,2026/7/21 13:24,0,864846581cca
864846581cca,http://43.173.78.139:80/download/base.yml,43.173.78.139:80,2026/7/21 13:24,0,864846581cca
864846581cca,http://43.173.78.139:80/download/clash.yml,43.173.78.139:80,2026/7/21 13:24,0,864846581cca
864846581cca,http://43.173.78.139:80/download/clash.yaml,43.173.78.139:80,2026/7/21 13:24,0,864846581cca
864846581cca,http://43.173.78.139:80/download/client.txt,43.173.78.139:80,2026/7/21 13:24,0,864846581cca
864846581cca,http://43.173.78.139:80/download/client.yaml,43.173.78.139:80,2026/7/21 13:24,0,864846581cca
864846581cca,http://43.173.78.139:80/download/client.yml,43.173.78.139:80,2026/7/21 13:24,0,864846581cca
864846581cca,http://43.173.78.139:80/download/config.txt,43.173.78.139:80,2026/7/21 13:24,0,864846581cca
864846581cca,http://43.173.78.139:80/download/config.yaml,43.173.78.139:80,2026/7/21 13:24,0,864846581cca
864846581cca,http://43.173.78.139:80/download/full.txt,43.173.78.139:80,2026/7/21 13:24,0,864846581cca
864846581cca,http://43.173.78.139:80/download/config.yml,43.173.78.139:80,2026/7/21 13:24,0,864846581cca
864846581cca,http://43.173.78.139:80/download/full.yaml,43.173.78.139:80,2026/7/21 13:24,0,864846581cca
864846581cca,http://43.173.78.139:80/download/full.yml,43.173.78.139:80,2026/7/21 13:24,0,864846581cca
864846581cca,http://43.173.78.139:80/download/mihomo.txt,43.173.78.139:80,2026/7/21 13:24,0,864846581cca
864846581cca,http://43.173.78.139:80/download/meta.txt,43.173.78.139:80,2026/7/21 13:24,0,864846581cca
864846581cca,http://43.173.78.139:80/download/meta.yaml,43.173.78.139:80,2026/7/21 13:24,0,864846581cca
864846581cca,http://43.173.78.139:80/download/meta.yml,43.173.78.139:80,2026/7/21 13:24,0,864846581cca
864846581cca,http://43.173.78.139:80/download/mihomo.yaml,43.173.78.139:80,2026/7/21 13:24,0,864846581cca
864846581cca,http://43.173.78.139:80/download/mihomo.yml,43.173.78.139:80,2026/7/21 13:24,0,864846581cca
864846581cca,http://43.173.78.139:80/download/node.txt,43.173.78.139:80,2026/7/21 13:24,0,864846581cca
864846581cca,http://43.173.78.139:80/download/node.yaml,43.173.78.139:80,2026/7/21 13:24,0,864846581cca
864846581cca,http://43.173.78.139:80/download/nodes.txt,43.173.78.139:80,2026/7/21 13:24,0,864846581cca
864846581cca,http://43.173.78.139:80/download/node.yml,43.173.78.139:80,2026/7/21 13:24,0,864846581cca
864846581cca,http://43.173.78.139:80/download/nodes.yaml,43.173.78.139:80,2026/7/21 13:24,0,864846581cca
864846581cca,http://43.173.78.139:80/download/nodes.yml,43.173.78.139:80,2026/7/21 13:24,0,864846581cca
864846581cca,http://43.173.78.139:80/download/profile.txt,43.173.78.139:80,2026/7/21 13:24,0,864846581cca
864846581cca,http://43.173.78.139:80/download/profile.yaml,43.173.78.139:80,2026/7/21 13:24,0,864846581cca
864846581cca,http://43.173.78.139:80/download/profile.yml,43.173.78.139:80,2026/7/21 13:24,0,864846581cca
864846581cca,http://43.173.78.139:80/download/proxies.txt,43.173.78.139:80,2026/7/21 13:24,0,864846581cca
864846581cca,http://43.173.78.139:80/download/proxies.yaml,43.173.78.139:80,2026/7/21 13:24,0,864846581cca
864846581cca,http://43.173.78.139:80/download/proxy.txt,43.173.78.139:80,2026/7/21 13:24,0,864846581cca
864846581cca,http://43.173.78.139:80/download/proxies.yml,43.173.78.139:80,2026/7/21 13:24,0,864846581cca
864846581cca,http://43.173.78.139:80/download/proxy.yaml,43.173.78.139:80,2026/7/21 13:24,0,864846581cca
864846581cca,http://43.173.78.139:80/download/proxy.yml,43.173.78.139:80,2026/7/21 13:24,0,864846581cca
864846581cca,http://43.173.78.139:80/download/proxylist.txt,43.173.78.139:80,2026/7/21 13:24,0,864846581cca
864846581cca,http://43.173.78.139:80/download/proxylist.yaml,43.173.78.139:80,2026/7/21 13:24,0,864846581cca
864846581cca,http://43.173.78.139:80/download/proxylist.yml,43.173.78.139:80,2026/7/21 13:24,0,864846581cca
864846581cca,http://43.173.78.139:80/download/server.txt,43.173.78.139:80,2026/7/21 13:24,0,864846581cca
864846581cca,http://43.173.78.139:80/download/server.yml,43.173.78.139:80,2026/7/21 13:24,0,864846581cca
864846581cca,http://43.173.78.139:80/download/server.yaml,43.173.78.139:80,2026/7/21 13:24,0,864846581cca
864846581cca,http://43.173.78.139:80/download/servers.txt,43.173.78.139:80,2026/7/21 13:24,0,864846581cca
864846581cca,http://43.173.78.139:80/download/servers.yaml,43.173.78.139:80,2026/7/21 13:24,0,864846581cca
864846581cca,http://43.173.78.139:80/download/servers.yml,43.173.78.139:80,2026/7/21 13:24,0,864846581cca
864846581cca,http://43.173.78.139:80/download/sub.txt,43.173.78.139:80,2026/7/21 13:24,0,864846581cca
864846581cca,http://43.173.78.139:80/download/sub.yaml,43.173.78.139:80,2026/7/21 13:24,0,864846581cca
864846581cca,http://43.173.78.139:80/download/subscription.txt,43.173.78.139:80,2026/7/21 13:24,0,864846581cca
864846581cca,http://43.173.78.139:80/download/sub.yml,43.173.78.139:80,2026/7/21 13:24,0,864846581cca
864846581cca,http://43.173.78.139:80/download/subscription.yaml,43.173.78.139:80,2026/7/21 13:24,0,864846581cca
864846581cca,http://43.173.78.139:80/download/subscription.yml,43.173.78.139:80,2026/7/21 13:24,0,864846581cca
864846581cca,http://43.173.78.139:80/files/all.txt,43.173.78.139:80,2026/7/21 13:24,0,864846581cca
864846581cca,http://43.173.78.139:80/files/all.yaml,43.173.78.139:80,2026/7/21 13:24,0,864846581cca
864846581cca,http://43.173.78.139:80/files/all.yml,43.173.78.139:80,2026/7/21 13:24,0,864846581cca
864846581cca,http://43.173.78.139:80/files/base.txt,43.173.78.139:80,2026/7/21 13:24,0,864846581cca
864846581cca,http://43.173.78.139:80/files/base.yaml,43.173.78.139:80,2026/7/21 13:24,0,864846581cca
864846581cca,http://43.173.78.139:80/files/clash.txt,43.173.78.139:80,2026/7/21 13:24,0,864846581cca
864846581cca,http://43.173.78.139:80/files/clash.yaml,43.173.78.139:80,2026/7/21 13:24,0,864846581cca
864846581cca,http://43.173.78.139:80/files/clash.yml,43.173.78.139:80,2026/7/21 13:24,0,864846581cca
864846581cca,http://43.173.78.139:80/files/base.yml,43.173.78.139:80,2026/7/21 13:24,0,864846581cca
864846581cca,http://43.173.78.139:80/files/client.txt,43.173.78.139:80,2026/7/21 13:24,0,864846581cca
864846581cca,http://43.173.78.139:80/files/client.yaml,43.173.78.139:80,2026/7/21 13:24,0,864846581cca
864846581cca,http://43.173.78.139:80/files/client.yml,43.173.78.139:80,2026/7/21 13:24,0,864846581cca
864846581cca,http://43.173.78.139:80/files/config.txt,43.173.78.139:80,2026/7/21 13:24,0,864846581cca
864846581cca,http://43.173.78.139:80/files/config.yaml,43.173.78.139:80,2026/7/21 13:24,0,864846581cca
864846581cca,http://43.173.78.139:80/files/config.yml,43.173.78.139:80,2026/7/21 13:24,0,864846581cca
864846581cca,http://43.173.78.139:80/files/full.txt,43.173.78.139:80,2026/7/21 13:24,0,864846581cca
864846581cca,http://43.173.78.139:80/files/full.yml,43.173.78.139:80,2026/7/21 13:24,0,864846581cca
864846581cca,http://43.173.78.139:80/files/full.yaml,43.173.78.139:80,2026/7/21 13:24,0,864846581cca
864846581cca,http://43.173.78.139:80/files/meta.yaml,43.173.78.139:80,2026/7/21 13:24,0,864846581cca
864846581cca,http://43.173.78.139:80/files/meta.txt,43.173.78.139:80,2026/7/21 13:24,0,864846581cca
864846581cca,http://43.173.78.139:80/files/meta.yml,43.173.78.139:80,2026/7/21 13:24,0,864846581cca
864846581cca,http://43.173.78.139:80/files/mihomo.txt,43.173.78.139:80,2026/7/21 13:24,0,864846581cca
864846581cca,http://43.173.78.139:80/files/mihomo.yaml,43.173.78.139:80,2026/7/21 13:24,0,864846581cca
864846581cca,http://43.173.78.139:80/files/mihomo.yml,43.173.78.139:80,2026/7/21 13:24,0,864846581cca
864846581cca,http://43.173.78.139:80/files/node.txt,43.173.78.139:80,2026/7/21 13:24,0,864846581cca
864846581cca,http://43.173.78.139:80/files/node.yaml,43.173.78.139:80,2026/7/21 13:24,0,864846581cca
864846581cca,http://43.173.78.139:80/files/nodes.txt,43.173.78.139:80,2026/7/21 13:24,0,864846581cca
864846581cca,http://43.173.78.139:80/files/node.yml,43.173.78.139:80,2026/7/21 13:24,0,864846581cca
864846581cca,http://43.173.78.139:80/files/profile.txt,43.173.78.139:80,2026/7/21 13:24,0,864846581cca
864846581cca,http://43.173.78.139:80/files/nodes.yaml,43.173.78.139:80,2026/7/21 13:24,0,864846581cca
864846581cca,http://43.173.78.139:80/files/profile.yaml,43.173.78.139:80,2026/7/21 13:24,0,864846581cca
864846581cca,http://43.173.78.139:80/files/nodes.yml,43.173.78.139:80,2026/7/21 13:24,0,864846581cca
864846581cca,http://43.173.78.139:80/files/profile.yml,43.173.78.139:80,2026/7/21 13:24,0,864846581cca
864846581cca,http://43.173.78.139:80/files/proxies.txt,43.173.78.139:80,2026/7/21 13:24,0,864846581cca
864846581cca,http://43.173.78.139:80/files/proxies.yaml,43.173.78.139:80,2026/7/21 13:24,0,864846581cca
864846581cca,http://43.173.78.139:80/files/proxies.yml,43.173.78.139:80,2026/7/21 13:24,0,864846581cca
864846581cca,http://43.173.78.139:80/files/proxy.yaml,43.173.78.139:80,2026/7/21 13:24,0,864846581cca
864846581cca,http://43.173.78.139:80/files/proxy.txt,43.173.78.139:80,2026/7/21 13:24,0,864846581cca
864846581cca,http://43.173.78.139:80/files/proxylist.txt,43.173.78.139:80,2026/7/21 13:24,0,864846581cca
864846581cca,http://43.173.78.139:80/files/proxy.yml,43.173.78.139:80,2026/7/21 13:24,0,864846581cca
864846581cca,http://43.173.78.139:80/files/proxylist.yaml,43.173.78.139:80,2026/7/21 13:24,0,864846581cca
864846581cca,http://43.173.78.139:80/files/proxylist.yml,43.173.78.139:80,2026/7/21 13:24,0,864846581cca
864846581cca,http://43.173.78.139:80/files/server.yml,43.173.78.139:80,2026/7/21 13:24,0,864846581cca
864846581cca,http://43.173.78.139:80/files/server.txt,43.173.78.139:80,2026/7/21 13:24,0,864846581cca
864846581cca,http://43.173.78.139:80/files/server.yaml,43.173.78.139:80,2026/7/21 13:24,0,864846581cca
864846581cca,http://43.173.78.139:80/files/servers.txt,43.173.78.139:80,2026/7/21 13:24,0,864846581cca
864846581cca,http://43.173.78.139:80/files/servers.yaml,43.173.78.139:80,2026/7/21 13:24,0,864846581cca
864846581cca,http://43.173.78.139:80/files/servers.yml,43.173.78.139:80,2026/7/21 13:24,0,864846581cca
864846581cca,http://43.173.78.139:80/files/sub.txt,43.173.78.139:80,2026/7/21 13:24,0,864846581cca
864846581cca,http://43.173.78.139:80/files/sub.yaml,43.173.78.139:80,2026/7/21 13:24,0,864846581cca
864846581cca,http://43.173.78.139:80/files/subscription.txt,43.173.78.139:80,2026/7/21 13:24,0,864846581cca
864846581cca,http://43.173.78.139:80/files/sub.yml,43.173.78.139:80,2026/7/21 13:24,0,864846581cca
864846581cca,http://43.173.78.139:80/files/subscription.yml,43.173.78.139:80,2026/7/21 13:24,0,864846581cca
864846581cca,http://43.173.78.139:80/files/subscription.yaml,43.173.78.139:80,2026/7/21 13:24,0,864846581cca
864846581cca,http://43.173.78.139:80/sub/all.txt,43.173.78.139:80,2026/7/21 13:24,0,864846581cca
864846581cca,http://43.173.78.139:80/sub/all.yaml,43.173.78.139:80,2026/7/21 13:24,0,864846581cca
864846581cca,http://43.173.78.139:80/sub/base.txt,43.173.78.139:80,2026/7/21 13:24,0,864846581cca
864846581cca,http://43.173.78.139:80/sub/all.yml,43.173.78.139:80,2026/7/21 13:24,0,864846581cca
864846581cca,http://43.173.78.139:80/sub/base.yml,43.173.78.139:80,2026/7/21 13:24,0,864846581cca
864846581cca,http://43.173.78.139:80/sub/clash.txt,43.173.78.139:80,2026/7/21 13:24,0,864846581cca
864846581cca,http://43.173.78.139:80/sub/base.yaml,43.173.78.139:80,2026/7/21 13:24,0,864846581cca
864846581cca,http://43.173.78.139:80/sub/clash.yml,43.173.78.139:80,2026/7/21 13:24,0,864846581cca
864846581cca,http://43.173.78.139:80/sub/clash.yaml,43.173.78.139:80,2026/7/21 13:24,0,864846581cca
864846581cca,http://43.173.78.139:80/sub/client.txt,43.173.78.139:80,2026/7/21 13:24,0,864846581cca
864846581cca,http://43.173.78.139:80/sub/client.yaml,43.173.78.139:80,2026/7/21 13:24,0,864846581cca
864846581cca,http://43.173.78.139:80/sub/client.yml,43.173.78.139:80,2026/7/21 13:24,0,864846581cca
864846581cca,http://43.173.78.139:80/sub/config.txt,43.173.78.139:80,2026/7/21 13:24,0,864846581cca
864846581cca,http://43.173.78.139:80/sub/config.yaml,43.173.78.139:80,2026/7/21 13:24,0,864846581cca
864846581cca,http://43.173.78.139:80/sub/config.yml,43.173.78.139:80,2026/7/21 13:24,0,864846581cca
864846581cca,http://43.173.78.139:80/sub/full.txt,43.173.78.139:80,2026/7/21 13:24,0,864846581cca
864846581cca,http://43.173.78.139:80/sub/full.yaml,43.173.78.139:80,2026/7/21 13:24,0,864846581cca
864846581cca,http://43.173.78.139:80/sub/full.yml,43.173.78.139:80,2026/7/21 13:24,0,864846581cca
864846581cca,http://43.173.78.139:80/sub/meta.txt,43.173.78.139:80,2026/7/21 13:24,0,864846581cca
864846581cca,http://43.173.78.139:80/sub/meta.yaml,43.173.78.139:80,2026/7/21 13:24,0,864846581cca
864846581cca,http://43.173.78.139:80/sub/mihomo.txt,43.173.78.139:80,2026/7/21 13:24,0,864846581cca
864846581cca,http://43.173.78.139:80/sub/meta.yml,43.173.78.139:80,2026/7/21 13:24,0,864846581cca
864846581cca,http://43.173.78.139:80/sub/mihomo.yaml,43.173.78.139:80,2026/7/21 13:24,0,864846581cca
864846581cca,http://43.173.78.139:80/sub/mihomo.yml,43.173.78.139:80,2026/7/21 13:24,0,864846581cca
864846581cca,http://43.173.78.139:80/sub/node.yaml,43.173.78.139:80,2026/7/21 13:24,0,864846581cca
864846581cca,http://43.173.78.139:80/sub/node.txt,43.173.78.139:80,2026/7/21 13:24,0,864846581cca
864846581cca,http://43.173.78.139:80/sub/node.yml,43.173.78.139:80,2026/7/21 13:24,0,864846581cca
864846581cca,http://43.173.78.139:80/sub/nodes.txt,43.173.78.139:80,2026/7/21 13:24,0,864846581cca
864846581cca,http://43.173.78.139:80/sub/nodes.yaml,43.173.78.139:80,2026/7/21 13:24,0,864846581cca
864846581cca,http://43.173.78.139:80/sub/nodes.yml,43.173.78.139:80,2026/7/21 13:24,0,864846581cca
864846581cca,http://43.173.78.139:80/sub/profile.txt,43.173.78.139:80,2026/7/21 13:24,0,864846581cca
864846581cca,http://43.173.78.139:80/sub/profile.yaml,43.173.78.139:80,2026/7/21 13:24,0,864846581cca
864846581cca,http://43.173.78.139:80/sub/proxies.txt,43.173.78.139:80,2026/7/21 13:24,0,864846581cca
864846581cca,http://43.173.78.139:80/sub/profile.yml,43.173.78.139:80,2026/7/21 13:24,0,864846581cca
864846581cca,http://43.173.78.139:80/sub/proxy.txt,43.173.78.139:80,2026/7/21 13:24,0,864846581cca
864846581cca,http://43.173.78.139:80/sub/proxies.yaml,43.173.78.139:80,2026/7/21 13:24,0,864846581cca
864846581cca,http://43.173.78.139:80/sub/proxies.yml,43.173.78.139:80,2026/7/21 13:24,0,864846581cca
864846581cca,http://43.173.78.139:80/sub/proxy.yaml,43.173.78.139:80,2026/7/21 13:24,0,864846581cca
864846581cca,http://43.173.78.139:80/sub/proxy.yml,43.173.78.139:80,2026/7/21 13:24,0,864846581cca
864846581cca,http://43.173.78.139:80/sub/proxylist.txt,43.173.78.139:80,2026/7/21 13:24,0,864846581cca
864846581cca,http://43.173.78.139:80/sub/proxylist.yaml,43.173.78.139:80,2026/7/21 13:24,0,864846581cca
864846581cca,http://43.173.78.139:80/sub/proxylist.yml,43.173.78.139:80,2026/7/21 13:24,0,864846581cca
864846581cca,http://43.173.78.139:80/sub/server.yaml,43.173.78.139:80,2026/7/21 13:24,0,864846581cca
864846581cca,http://43.173.78.139:80/sub/server.txt,43.173.78.139:80,2026/7/21 13:24,0,864846581cca
864846581cca,http://43.173.78.139:80/sub/server.yml,43.173.78.139:80,2026/7/21 13:24,0,864846581cca
864846581cca,http://43.173.78.139:80/sub/servers.txt,43.173.78.139:80,2026/7/21 13:24,0,864846581cca
864846581cca,http://43.173.78.139:80/sub/sub.txt,43.173.78.139:80,2026/7/21 13:24,0,864846581cca
864846581cca,http://43.173.78.139:80/sub/servers.yaml,43.173.78.139:80,2026/7/21 13:24,0,864846581cca
864846581cca,http://43.173.78.139:80/sub/servers.yml,43.173.78.139:80,2026/7/21 13:24,0,864846581cca
864846581cca,http://43.173.78.139:80/sub/sub.yaml,43.173.78.139:80,2026/7/21 13:24,0,864846581cca
864846581cca,http://43.173.78.139:80/sub/sub.yml,43.173.78.139:80,2026/7/21 13:24,0,864846581cca
864846581cca,http://43.173.78.139:80/sub/subscription.txt,43.173.78.139:80,2026/7/21 13:24,0,864846581cca
864846581cca,http://43.173.78.139:80/sub/subscription.yml,43.173.78.139:80,2026/7/21 13:24,0,864846581cca
864846581cca,http://43.173.78.139:80/sub/subscription.yaml,43.173.78.139:80,2026/7/21 13:24,0,864846581cca
864846581cca,http://43.173.78.139:80/subscribe/all.txt,43.173.78.139:80,2026/7/21 13:24,0,864846581cca
864846581cca,http://43.173.78.139:80/subscribe/all.yaml,43.173.78.139:80,2026/7/21 13:24,0,864846581cca
864846581cca,http://43.173.78.139:80/subscribe/all.yml,43.173.78.139:80,2026/7/21 13:24,0,864846581cca
864846581cca,http://43.173.78.139:80/subscribe/base.txt,43.173.78.139:80,2026/7/21 13:24,0,864846581cca
864846581cca,http://43.173.78.139:80/subscribe/clash.txt,43.173.78.139:80,2026/7/21 13:24,0,864846581cca
864846581cca,http://43.173.78.139:80/subscribe/base.yaml,43.173.78.139:80,2026/7/21 13:24,0,864846581cca
864846581cca,http://43.173.78.139:80/subscribe/base.yml,43.173.78.139:80,2026/7/21 13:24,0,864846581cca
864846581cca,http://43.173.78.139:80/subscribe/clash.yaml,43.173.78.139:80,2026/7/21 13:24,0,864846581cca
864846581cca,http://43.173.78.139:80/subscribe/clash.yml,43.173.78.139:80,2026/7/21 13:24,0,864846581cca
864846581cca,http://43.173.78.139:80/subscribe/client.txt,43.173.78.139:80,2026/7/21 13:24,0,864846581cca
864846581cca,http://43.173.78.139:80/subscribe/client.yaml,43.173.78.139:80,2026/7/21 13:24,0,864846581cca
864846581cca,http://43.173.78.139:80/subscribe/client.yml,43.173.78.139:80,2026/7/21 13:24,0,864846581cca
864846581cca,http://43.173.78.139:80/subscribe/config.txt,43.173.78.139:80,2026/7/21 13:24,0,864846581cca
864846581cca,http://43.173.78.139:80/subscribe/config.yaml,43.173.78.139:80,2026/7/21 13:24,0,864846581cca
864846581cca,http://43.173.78.139:80/subscribe/full.txt,43.173.78.139:80,2026/7/21 13:24,0,864846581cca
864846581cca,http://43.173.78.139:80/subscribe/config.yml,43.173.78.139:80,2026/7/21 13:24,0,864846581cca
864846581cca,http://43.173.78.139:80/subscribe/full.yaml,43.173.78.139:80,2026/7/21 13:24,0,864846581cca
864846581cca,http://43.173.78.139:80/subscribe/full.yml,43.173.78.139:80,2026/7/21 13:24,0,864846581cca
864846581cca,http://43.173.78.139:80/subscribe/meta.yaml,43.173.78.139:80,2026/7/21 13:24,0,864846581cca
864846581cca,http://43.173.78.139:80/subscribe/meta.txt,43.173.78.139:80,2026/7/21 13:24,0,864846581cca
864846581cca,http://43.173.78.139:80/subscribe/meta.yml,43.173.78.139:80,2026/7/21 13:24,0,864846581cca
864846581cca,http://43.173.78.139:80/subscribe/mihomo.txt,43.173.78.139:80,2026/7/21 13:24,0,864846581cca
864846581cca,http://43.173.78.139:80/subscribe/mihomo.yaml,43.173.78.139:80,2026/7/21 13:24,0,864846581cca
864846581cca,http://43.173.78.139:80/subscribe/mihomo.yml,43.173.78.139:80,2026/7/21 13:24,0,864846581cca
864846581cca,http://43.173.78.139:80/subscribe/node.txt,43.173.78.139:80,2026/7/21 13:24,0,864846581cca
864846581cca,http://43.173.78.139:80/subscribe/node.yaml,43.173.78.139:80,2026/7/21 13:24,0,864846581cca
864846581cca,http://43.173.78.139:80/subscribe/node.yml,43.173.78.139:80,2026/7/21 13:24,0,864846581cca
864846581cca,http://43.173.78.139:80/subscribe/nodes.txt,43.173.78.139:80,2026/7/21 13:24,0,864846581cca
864846581cca,http://43.173.78.139:80/subscribe/nodes.yaml,43.173.78.139:80,2026/7/21 13:24,0,864846581cca
864846581cca,http://43.173.78.139:80/subscribe/nodes.yml,43.173.78.139:80,2026/7/21 13:24,0,864846581cca
864846581cca,http://43.173.78.139:80/subscribe/profile.txt,43.173.78.139:80,2026/7/21 13:24,0,864846581cca
864846581cca,http://43.173.78.139:80/subscribe/proxies.txt,43.173.78.139:80,2026/7/21 13:24,0,864846581cca
864846581cca,http://43.173.78.139:80/subscribe/profile.yaml,43.173.78.139:80,2026/7/21 13:24,0,864846581cca
864846581cca,http://43.173.78.139:80/subscribe/profile.yml,43.173.78.139:80,2026/7/21 13:24,0,864846581cca
864846581cca,http://43.173.78.139:80/subscribe/proxies.yaml,43.173.78.139:80,2026/7/21 13:24,0,864846581cca
864846581cca,http://43.173.78.139:80/subscribe/proxies.yml,43.173.78.139:80,2026/7/21 13:24,0,864846581cca
864846581cca,http://43.173.78.139:80/subscribe/proxy.txt,43.173.78.139:80,2026/7/21 13:24,0,864846581cca
864846581cca,http://43.173.78.139:80/subscribe/proxy.yaml,43.173.78.139:80,2026/7/21 13:24,0,864846581cca
864846581cca,http://43.173.78.139:80/subscribe/proxy.yml,43.173.78.139:80,2026/7/21 13:24,0,864846581cca
864846581cca,http://43.173.78.139:80/subscribe/proxylist.txt,43.173.78.139:80,2026/7/21 13:24,0,864846581cca
864846581cca,http://43.173.78.139:80/subscribe/proxylist.yaml,43.173.78.139:80,2026/7/21 13:24,0,864846581cca
864846581cca,http://43.173.78.139:80/subscribe/proxylist.yml,43.173.78.139:80,2026/7/21 13:24,0,864846581cca
864846581cca,http://43.173.78.139:80/subscribe/server.yaml,43.173.78.139:80,2026/7/21 13:24,0,864846581cca
864846581cca,http://43.173.78.139:80/subscribe/server.yml,43.173.78.139:80,2026/7/21 13:24,0,864846581cca
864846581cca,http://43.173.78.139:80/subscribe/servers.txt,43.173.78.139:80,2026/7/21 13:24,0,864846581cca
864846581cca,http://43.173.78.139:80/subscribe/servers.yaml,43.173.78.139:80,2026/7/21 13:24,0,864846581cca
864846581cca,http://43.173.78.139:80/subscribe/server.txt,43.173.78.139:80,2026/7/21 13:24,0,864846581cca
864846581cca,http://43.173.78.139:80/subscribe/servers.yml,43.173.78.139:80,2026/7/21 13:24,0,864846581cca
864846581cca,http://43.173.78.139:80/subscribe/sub.yaml,43.173.78.139:80,2026/7/21 13:24,0,864846581cca
864846581cca,http://43.173.78.139:80/subscribe/sub.txt,43.173.78.139:80,2026/7/21 13:24,0,864846581cca
864846581cca,http://43.173.78.139:80/subscribe/sub.yml,43.173.78.139:80,2026/7/21 13:24,0,864846581cca
864846581cca,http://43.173.78.139:80/subscribe/subscription.txt,43.173.78.139:80,2026/7/21 13:24,0,864846581cca
864846581cca,http://43.173.78.139:80/subscribe/subscription.yaml,43.173.78.139:80,2026/7/21 13:24,0,864846581cca
864846581cca,http://43.173.78.139:80/subscribe/subscription.yml,43.173.78.139:80,2026/7/21 13:24,0,864846581cca
864846581cca,http://43.173.78.139:80/api/v1/node.yml,43.173.78.139:80,2026/7/21 13:24,0,864846581cca
864846581cca,http://43.173.78.139:80/api/v1/profile.yaml,43.173.78.139:80,2026/7/21 13:24,0,864846581cca
864846581cca,http://43.173.78.139:80/api/v1/clash.yaml,43.173.78.139:80,2026/7/21 13:24,0,864846581cca
864846581cca,http://43.173.78.139:80/api/v1/full.txt,43.173.78.139:80,2026/7/21 13:24,0,864846581cca
864846581cca,http://43.173.78.139:80/api/v1/server.yaml,43.173.78.139:80,2026/7/21 13:24,0,864846581cca
864846581cca,http://43.173.78.139:80/api/full.yml,43.173.78.139:80,2026/7/21 13:24,0,864846581cca
864846581cca,http://43.173.78.139:80/api/v1/all.yaml,43.173.78.139:80,2026/7/21 13:24,0,864846581cca
864846581cca,http://43.173.78.139:80/clash/subscription.txt,43.173.78.139:80,2026/7/21 13:24,0,864846581cca
864846581cca,http://43.173.78.139:80/clash/mihomo.yml,43.173.78.139:80,2026/7/21 13:24,0,864846581cca
864846581cca,http://43.173.78.139:80/clash/meta.yml,43.173.78.139:80,2026/7/21 13:24,0,864846581cca
864846581cca,http://43.173.78.139:80/clash/meta.txt,43.173.78.139:80,2026/7/21 13:24,0,864846581cca
864846581cca,http://43.173.78.139:80/clash/full.yml,43.173.78.139:80,2026/7/21 13:24,0,864846581cca
864846581cca,http://43.173.78.139:80/clash/meta.yaml,43.173.78.139:80,2026/7/21 13:24,0,864846581cca
864846581cca,http://43.173.78.139:80/api/v1/servers.yaml,43.173.78.139:80,2026/7/21 13:24,0,864846581cca
864846581cca,http://43.173.78.139:80/config/sub.yaml,43.173.78.139:80,2026/7/21 13:24,0,864846581cca
864846581cca,http://43.173.78.139:80/config/sub.txt,43.173.78.139:80,2026/7/21 13:24,0,864846581cca
864846581cca,http://43.173.78.139:80/api/client.yml,43.173.78.139:80,2026/7/21 13:24,0,864846581cca
864846581cca,http://43.173.78.139:80/api/client.yaml,43.173.78.139:80,2026/7/21 13:24,0,864846581cca
864846581cca,http://43.173.78.139:80/api/all.yml,43.173.78.139:80,2026/7/21 13:24,0,864846581cca
864846581cca,http://43.173.78.139:80/api/all.txt,43.173.78.139:80,2026/7/21 13:24,0,864846581cca
864846581cca,http://43.173.78.139:80/api/nodes.txt,43.173.78.139:80,2026/7/21 13:24,0,864846581cca
864846581cca,http://43.173.78.139:80/api/nodes.yaml,43.173.78.139:80,2026/7/21 13:24,0,864846581cca
864846581cca,http://43.173.78.139:80/api/base.txt,43.173.78.139:80,2026/7/21 13:24,0,864846581cca
864846581cca,http://43.173.78.139:80/api/v1/base.yml,43.173.78.139:80,2026/7/21 13:24,0,864846581cca
864846581cca,http://43.173.78.139:80/api/v1/client.txt,43.173.78.139:80,2026/7/21 13:24,0,864846581cca
864846581cca,http://43.173.78.139:80/api/v1/mihomo.txt,43.173.78.139:80,2026/7/21 13:24,0,864846581cca
864846581cca,http://43.173.78.139:80/api/v1/base.txt,43.173.78.139:80,2026/7/21 13:24,0,864846581cca
864846581cca,http://43.173.78.139:80/api/v1/meta.yaml,43.173.78.139:80,2026/7/21 13:24,0,864846581cca
864846581cca,http://43.173.78.139:80/api/v1/all.txt,43.173.78.139:80,2026/7/21 13:24,0,864846581cca
864846581cca,http://43.173.78.139:80/clash/full.yaml,43.173.78.139:80,2026/7/21 13:24,0,864846581cca
864846581cca,http://43.173.78.139:80/clash/node.txt,43.173.78.139:80,2026/7/21 13:24,0,864846581cca
864846581cca,http://43.173.78.139:80/api/v1/proxylist.yml,43.173.78.139:80,2026/7/21 13:24,0,864846581cca
864846581cca,http://43.173.78.139:80/clash/config.yaml,43.173.78.139:80,2026/7/21 13:24,0,864846581cca
864846581cca,http://43.173.78.139:80/clash/full.txt,43.173.78.139:80,2026/7/21 13:24,0,864846581cca
864846581cca,http://43.173.78.139:80/clash/nodes.txt,43.173.78.139:80,2026/7/21 13:24,0,864846581cca
864846581cca,http://43.173.78.139:80/clash/config.yml,43.173.78.139:80,2026/7/21 13:24,0,864846581cca
864846581cca,http://43.173.78.139:80/api/full.yaml,43.173.78.139:80,2026/7/21 13:24,0,864846581cca
864846581cca,http://43.173.78.139:80/api/meta.yaml,43.173.78.139:80,2026/7/21 13:24,0,864846581cca
864846581cca,http://43.173.78.139:80/api/meta.txt,43.173.78.139:80,2026/7/21 13:24,0,864846581cca
864846581cca,http://43.173.78.139:80/api/meta.yml,43.173.78.139:80,2026/7/21 13:24,0,864846581cca
864846581cca,http://43.173.78.139:80/api/config.yml,43.173.78.139:80,2026/7/21 13:24,0,864846581cca
864846581cca,http://43.173.78.139:80/api/sub.yml,43.173.78.139:80,2026/7/21 13:24,0,864846581cca
864846581cca,http://43.173.78.139:80/api/v1/node.yaml,43.173.78.139:80,2026/7/21 13:24,0,864846581cca
864846581cca,http://43.173.78.139:80/api/v1/nodes.yaml,43.173.78.139:80,2026/7/21 13:24,0,864846581cca
864846581cca,http://43.173.78.139:80/api/v1/nodes.yml,43.173.78.139:80,2026/7/21 13:24,0,864846581cca
864846581cca,http://43.173.78.139:80/api/v1/nodes.txt,43.173.78.139:80,2026/7/21 13:24,0,864846581cca
864846581cca,http://43.173.78.139:80/api/v1/profile.yml,43.173.78.139:80,2026/7/21 13:24,0,864846581cca
864846581cca,http://43.173.78.139:80/api/v1/profile.txt,43.173.78.139:80,2026/7/21 13:24,0,864846581cca
864846581cca,http://43.173.78.139:80/api/base.yaml,43.173.78.139:80,2026/7/21 13:24,0,864846581cca
864846581cca,http://43.173.78.139:80/api/v1/clash.txt,43.173.78.139:80,2026/7/21 13:24,0,864846581cca
864846581cca,http://43.173.78.139:80/api/v1/client.yml,43.173.78.139:80,2026/7/21 13:24,0,864846581cca
864846581cca,http://43.173.78.139:80/api/clash.txt,43.173.78.139:80,2026/7/21 13:24,0,864846581cca
864846581cca,http://43.173.78.139:80/api/full.txt,43.173.78.139:80,2026/7/21 13:24,0,864846581cca
864846581cca,http://43.173.78.139:80/api/subscription.yml,43.173.78.139:80,2026/7/21 13:24,0,864846581cca
864846581cca,http://43.173.78.139:80/clash/client.yaml,43.173.78.139:80,2026/7/21 13:24,0,864846581cca
864846581cca,http://43.173.78.139:80/api/v1/proxylist.yaml,43.173.78.139:80,2026/7/21 13:24,0,864846581cca
864846581cca,http://43.173.78.139:80/clash/client.yml,43.173.78.139:80,2026/7/21 13:24,0,864846581cca
864846581cca,http://43.173.78.139:80/clash/node.yml,43.173.78.139:80,2026/7/21 13:24,0,864846581cca
864846581cca,http://43.173.78.139:80/clash/profile.yml,43.173.78.139:80,2026/7/21 13:24,0,864846581cca
864846581cca,http://43.173.78.139:80/api/v1/proxylist.txt,43.173.78.139:80,2026/7/21 13:24,0,864846581cca
864846581cca,http://43.173.78.139:80/api/node.txt,43.173.78.139:80,2026/7/21 13:24,0,864846581cca
864846581cca,http://43.173.78.139:80/api/server.yaml,43.173.78.139:80,2026/7/21 13:24,0,864846581cca
864846581cca,http://43.173.78.139:80/api/v1/base.yaml,43.173.78.139:80,2026/7/21 13:24,0,864846581cca
864846581cca,http://43.173.78.139:80/api/node.yml,43.173.78.139:80,2026/7/21 13:24,0,864846581cca
864846581cca,http://43.173.78.139:80/api/v1/client.yaml,43.173.78.139:80,2026/7/21 13:24,0,864846581cca
864846581cca,http://43.173.78.139:80/api/v1/clash.yml,43.173.78.139:80,2026/7/21 13:24,0,864846581cca
864846581cca,http://43.173.78.139:80/api/subscription.yaml,43.173.78.139:80,2026/7/21 13:24,0,864846581cca
864846581cca,http://43.173.78.139:80/clash/node.yaml,43.173.78.139:80,2026/7/21 13:24,0,864846581cca
864846581cca,http://43.173.78.139:80/api/v1/servers.txt,43.173.78.139:80,2026/7/21 13:24,0,864846581cca
864846581cca,http://43.173.78.139:80/clash/clash.yml,43.173.78.139:80,2026/7/21 13:24,0,864846581cca
864846581cca,http://43.173.78.139:80/api/v1/servers.yml,43.173.78.139:80,2026/7/21 13:24,0,864846581cca
864846581cca,http://43.173.78.139:80/clash/nodes.yaml,43.173.78.139:80,2026/7/21 13:24,0,864846581cca
864846581cca,http://43.173.78.139:80/api/v1/sub.yml,43.173.78.139:80,2026/7/21 13:24,0,864846581cca
